--
-- PostgreSQL database dump
--

\restrict RmFO6BAAHwxAnMNIFjXRU2z3itC3JlOUOtacNMz5wKX6OQAgfRKPv3v0xC6Caex

-- Dumped from database version 18.3
-- Dumped by pg_dump version 18.3

SET statement_timeout = 0;
SET lock_timeout = 0;
SET idle_in_transaction_session_timeout = 0;
SET transaction_timeout = 0;
SET client_encoding = 'UTF8';
SET standard_conforming_strings = on;
SELECT pg_catalog.set_config('search_path', '', false);
SET check_function_bodies = false;
SET xmloption = content;
SET client_min_messages = warning;
SET row_security = off;

SET default_tablespace = '';

SET default_table_access_method = heap;

--
-- Name: app_client; Type: TABLE; Schema: public; Owner: postgres
--

CREATE TABLE public.app_client (
    id bigint NOT NULL,
    name character varying(100) NOT NULL,
    email character varying(254) NOT NULL,
    phone_number character varying(20) NOT NULL
);


ALTER TABLE public.app_client OWNER TO postgres;

--
-- Name: app_client_id_seq; Type: SEQUENCE; Schema: public; Owner: postgres
--

ALTER TABLE public.app_client ALTER COLUMN id ADD GENERATED BY DEFAULT AS IDENTITY (
    SEQUENCE NAME public.app_client_id_seq
    START WITH 1
    INCREMENT BY 1
    NO MINVALUE
    NO MAXVALUE
    CACHE 1
);


--
-- Name: app_maintenancetask; Type: TABLE; Schema: public; Owner: postgres
--

CREATE TABLE public.app_maintenancetask (
    id bigint NOT NULL,
    title character varying(200) NOT NULL,
    due_date date NOT NULL,
    status character varying(20) NOT NULL,
    warehouse_id bigint NOT NULL
);


ALTER TABLE public.app_maintenancetask OWNER TO postgres;

--
-- Name: app_maintenancetask_id_seq; Type: SEQUENCE; Schema: public; Owner: postgres
--

ALTER TABLE public.app_maintenancetask ALTER COLUMN id ADD GENERATED BY DEFAULT AS IDENTITY (
    SEQUENCE NAME public.app_maintenancetask_id_seq
    START WITH 1
    INCREMENT BY 1
    NO MINVALUE
    NO MAXVALUE
    CACHE 1
);


--
-- Name: app_order; Type: TABLE; Schema: public; Owner: postgres
--

CREATE TABLE public.app_order (
    id bigint NOT NULL,
    order_id character varying(20) NOT NULL,
    customer_name character varying(200) NOT NULL,
    quantity integer NOT NULL,
    cost numeric(12,2) NOT NULL,
    status character varying(20) NOT NULL,
    created_at timestamp with time zone NOT NULL,
    updated_at timestamp with time zone NOT NULL,
    client_id bigint NOT NULL,
    product_id bigint NOT NULL,
    CONSTRAINT app_order_quantity_check CHECK ((quantity >= 0))
);


ALTER TABLE public.app_order OWNER TO postgres;

--
-- Name: app_order_id_seq; Type: SEQUENCE; Schema: public; Owner: postgres
--

ALTER TABLE public.app_order ALTER COLUMN id ADD GENERATED BY DEFAULT AS IDENTITY (
    SEQUENCE NAME public.app_order_id_seq
    START WITH 1
    INCREMENT BY 1
    NO MINVALUE
    NO MAXVALUE
    CACHE 1
);


--
-- Name: app_product; Type: TABLE; Schema: public; Owner: postgres
--

CREATE TABLE public.app_product (
    id bigint NOT NULL,
    name character varying(100) NOT NULL,
    sku character varying(50) NOT NULL,
    quantity integer NOT NULL,
    rent_type character varying(20) NOT NULL,
    allocated_on date,
    image character varying(100),
    client_id bigint NOT NULL,
    warehouse_slot_id bigint
);


ALTER TABLE public.app_product OWNER TO postgres;

--
-- Name: app_product_id_seq; Type: SEQUENCE; Schema: public; Owner: postgres
--

ALTER TABLE public.app_product ALTER COLUMN id ADD GENERATED BY DEFAULT AS IDENTITY (
    SEQUENCE NAME public.app_product_id_seq
    START WITH 1
    INCREMENT BY 1
    NO MINVALUE
    NO MAXVALUE
    CACHE 1
);


--
-- Name: app_shipmentlog; Type: TABLE; Schema: public; Owner: postgres
--

CREATE TABLE public.app_shipmentlog (
    id bigint NOT NULL,
    previous_status character varying(20) NOT NULL,
    new_status character varying(20) NOT NULL,
    note text NOT NULL,
    changed_at timestamp with time zone NOT NULL,
    order_id bigint NOT NULL
);


ALTER TABLE public.app_shipmentlog OWNER TO postgres;

--
-- Name: app_shipmentlog_id_seq; Type: SEQUENCE; Schema: public; Owner: postgres
--

ALTER TABLE public.app_shipmentlog ALTER COLUMN id ADD GENERATED BY DEFAULT AS IDENTITY (
    SEQUENCE NAME public.app_shipmentlog_id_seq
    START WITH 1
    INCREMENT BY 1
    NO MINVALUE
    NO MAXVALUE
    CACHE 1
);


--
-- Name: app_storagezone; Type: TABLE; Schema: public; Owner: postgres
--

CREATE TABLE public.app_storagezone (
    id bigint NOT NULL,
    name character varying(100) NOT NULL,
    zone_code character varying(20) NOT NULL,
    category character varying(20) NOT NULL,
    total_slots integer NOT NULL,
    warehouse_id bigint NOT NULL
);


ALTER TABLE public.app_storagezone OWNER TO postgres;

--
-- Name: app_storagezone_id_seq; Type: SEQUENCE; Schema: public; Owner: postgres
--

ALTER TABLE public.app_storagezone ALTER COLUMN id ADD GENERATED BY DEFAULT AS IDENTITY (
    SEQUENCE NAME public.app_storagezone_id_seq
    START WITH 1
    INCREMENT BY 1
    NO MINVALUE
    NO MAXVALUE
    CACHE 1
);


--
-- Name: app_warehouse; Type: TABLE; Schema: public; Owner: postgres
--

CREATE TABLE public.app_warehouse (
    id bigint NOT NULL,
    name character varying(100) NOT NULL,
    location character varying(200) NOT NULL,
    total_capacity integer NOT NULL
);


ALTER TABLE public.app_warehouse OWNER TO postgres;

--
-- Name: app_warehouse_id_seq; Type: SEQUENCE; Schema: public; Owner: postgres
--

ALTER TABLE public.app_warehouse ALTER COLUMN id ADD GENERATED BY DEFAULT AS IDENTITY (
    SEQUENCE NAME public.app_warehouse_id_seq
    START WITH 1
    INCREMENT BY 1
    NO MINVALUE
    NO MAXVALUE
    CACHE 1
);


--
-- Name: app_warehouseslot; Type: TABLE; Schema: public; Owner: postgres
--

CREATE TABLE public.app_warehouseslot (
    id bigint NOT NULL,
    slot_number character varying(20) NOT NULL,
    is_occupied boolean NOT NULL,
    zone_id bigint NOT NULL,
    capacity integer NOT NULL,
    CONSTRAINT app_warehouseslot_capacity_check CHECK ((capacity >= 0))
);


ALTER TABLE public.app_warehouseslot OWNER TO postgres;

--
-- Name: app_warehouseslot_id_seq; Type: SEQUENCE; Schema: public; Owner: postgres
--

ALTER TABLE public.app_warehouseslot ALTER COLUMN id ADD GENERATED BY DEFAULT AS IDENTITY (
    SEQUENCE NAME public.app_warehouseslot_id_seq
    START WITH 1
    INCREMENT BY 1
    NO MINVALUE
    NO MAXVALUE
    CACHE 1
);


--
-- Name: auth_group; Type: TABLE; Schema: public; Owner: postgres
--

CREATE TABLE public.auth_group (
    id integer NOT NULL,
    name character varying(150) NOT NULL
);


ALTER TABLE public.auth_group OWNER TO postgres;

--
-- Name: auth_group_id_seq; Type: SEQUENCE; Schema: public; Owner: postgres
--

ALTER TABLE public.auth_group ALTER COLUMN id ADD GENERATED BY DEFAULT AS IDENTITY (
    SEQUENCE NAME public.auth_group_id_seq
    START WITH 1
    INCREMENT BY 1
    NO MINVALUE
    NO MAXVALUE
    CACHE 1
);


--
-- Name: auth_group_permissions; Type: TABLE; Schema: public; Owner: postgres
--

CREATE TABLE public.auth_group_permissions (
    id bigint NOT NULL,
    group_id integer NOT NULL,
    permission_id integer NOT NULL
);


ALTER TABLE public.auth_group_permissions OWNER TO postgres;

--
-- Name: auth_group_permissions_id_seq; Type: SEQUENCE; Schema: public; Owner: postgres
--

ALTER TABLE public.auth_group_permissions ALTER COLUMN id ADD GENERATED BY DEFAULT AS IDENTITY (
    SEQUENCE NAME public.auth_group_permissions_id_seq
    START WITH 1
    INCREMENT BY 1
    NO MINVALUE
    NO MAXVALUE
    CACHE 1
);


--
-- Name: auth_permission; Type: TABLE; Schema: public; Owner: postgres
--

CREATE TABLE public.auth_permission (
    id integer NOT NULL,
    name character varying(255) NOT NULL,
    content_type_id integer NOT NULL,
    codename character varying(100) NOT NULL
);


ALTER TABLE public.auth_permission OWNER TO postgres;

--
-- Name: auth_permission_id_seq; Type: SEQUENCE; Schema: public; Owner: postgres
--

ALTER TABLE public.auth_permission ALTER COLUMN id ADD GENERATED BY DEFAULT AS IDENTITY (
    SEQUENCE NAME public.auth_permission_id_seq
    START WITH 1
    INCREMENT BY 1
    NO MINVALUE
    NO MAXVALUE
    CACHE 1
);


--
-- Name: auth_user; Type: TABLE; Schema: public; Owner: postgres
--

CREATE TABLE public.auth_user (
    id integer NOT NULL,
    password character varying(128) NOT NULL,
    last_login timestamp with time zone,
    is_superuser boolean NOT NULL,
    username character varying(150) NOT NULL,
    first_name character varying(150) NOT NULL,
    last_name character varying(150) NOT NULL,
    email character varying(254) NOT NULL,
    is_staff boolean NOT NULL,
    is_active boolean NOT NULL,
    date_joined timestamp with time zone NOT NULL
);


ALTER TABLE public.auth_user OWNER TO postgres;

--
-- Name: auth_user_groups; Type: TABLE; Schema: public; Owner: postgres
--

CREATE TABLE public.auth_user_groups (
    id bigint NOT NULL,
    user_id integer NOT NULL,
    group_id integer NOT NULL
);


ALTER TABLE public.auth_user_groups OWNER TO postgres;

--
-- Name: auth_user_groups_id_seq; Type: SEQUENCE; Schema: public; Owner: postgres
--

ALTER TABLE public.auth_user_groups ALTER COLUMN id ADD GENERATED BY DEFAULT AS IDENTITY (
    SEQUENCE NAME public.auth_user_groups_id_seq
    START WITH 1
    INCREMENT BY 1
    NO MINVALUE
    NO MAXVALUE
    CACHE 1
);


--
-- Name: auth_user_id_seq; Type: SEQUENCE; Schema: public; Owner: postgres
--

ALTER TABLE public.auth_user ALTER COLUMN id ADD GENERATED BY DEFAULT AS IDENTITY (
    SEQUENCE NAME public.auth_user_id_seq
    START WITH 1
    INCREMENT BY 1
    NO MINVALUE
    NO MAXVALUE
    CACHE 1
);


--
-- Name: auth_user_user_permissions; Type: TABLE; Schema: public; Owner: postgres
--

CREATE TABLE public.auth_user_user_permissions (
    id bigint NOT NULL,
    user_id integer NOT NULL,
    permission_id integer NOT NULL
);


ALTER TABLE public.auth_user_user_permissions OWNER TO postgres;

--
-- Name: auth_user_user_permissions_id_seq; Type: SEQUENCE; Schema: public; Owner: postgres
--

ALTER TABLE public.auth_user_user_permissions ALTER COLUMN id ADD GENERATED BY DEFAULT AS IDENTITY (
    SEQUENCE NAME public.auth_user_user_permissions_id_seq
    START WITH 1
    INCREMENT BY 1
    NO MINVALUE
    NO MAXVALUE
    CACHE 1
);


--
-- Name: django_admin_log; Type: TABLE; Schema: public; Owner: postgres
--

CREATE TABLE public.django_admin_log (
    id integer NOT NULL,
    action_time timestamp with time zone NOT NULL,
    object_id text,
    object_repr character varying(200) NOT NULL,
    action_flag smallint NOT NULL,
    change_message text NOT NULL,
    content_type_id integer,
    user_id integer NOT NULL,
    CONSTRAINT django_admin_log_action_flag_check CHECK ((action_flag >= 0))
);


ALTER TABLE public.django_admin_log OWNER TO postgres;

--
-- Name: django_admin_log_id_seq; Type: SEQUENCE; Schema: public; Owner: postgres
--

ALTER TABLE public.django_admin_log ALTER COLUMN id ADD GENERATED BY DEFAULT AS IDENTITY (
    SEQUENCE NAME public.django_admin_log_id_seq
    START WITH 1
    INCREMENT BY 1
    NO MINVALUE
    NO MAXVALUE
    CACHE 1
);


--
-- Name: django_content_type; Type: TABLE; Schema: public; Owner: postgres
--

CREATE TABLE public.django_content_type (
    id integer NOT NULL,
    app_label character varying(100) NOT NULL,
    model character varying(100) NOT NULL
);


ALTER TABLE public.django_content_type OWNER TO postgres;

--
-- Name: django_content_type_id_seq; Type: SEQUENCE; Schema: public; Owner: postgres
--

ALTER TABLE public.django_content_type ALTER COLUMN id ADD GENERATED BY DEFAULT AS IDENTITY (
    SEQUENCE NAME public.django_content_type_id_seq
    START WITH 1
    INCREMENT BY 1
    NO MINVALUE
    NO MAXVALUE
    CACHE 1
);


--
-- Name: django_migrations; Type: TABLE; Schema: public; Owner: postgres
--

CREATE TABLE public.django_migrations (
    id bigint NOT NULL,
    app character varying(255) NOT NULL,
    name character varying(255) NOT NULL,
    applied timestamp with time zone NOT NULL
);


ALTER TABLE public.django_migrations OWNER TO postgres;

--
-- Name: django_migrations_id_seq; Type: SEQUENCE; Schema: public; Owner: postgres
--

ALTER TABLE public.django_migrations ALTER COLUMN id ADD GENERATED BY DEFAULT AS IDENTITY (
    SEQUENCE NAME public.django_migrations_id_seq
    START WITH 1
    INCREMENT BY 1
    NO MINVALUE
    NO MAXVALUE
    CACHE 1
);


--
-- Name: django_session; Type: TABLE; Schema: public; Owner: postgres
--

CREATE TABLE public.django_session (
    session_key character varying(40) NOT NULL,
    session_data text NOT NULL,
    expire_date timestamp with time zone NOT NULL
);


ALTER TABLE public.django_session OWNER TO postgres;

--
-- Data for Name: app_client; Type: TABLE DATA; Schema: public; Owner: postgres
--

COPY public.app_client (id, name, email, phone_number) FROM stdin;
1	Marija	mm@test.com	071234123
\.


--
-- Data for Name: app_maintenancetask; Type: TABLE DATA; Schema: public; Owner: postgres
--

COPY public.app_maintenancetask (id, title, due_date, status, warehouse_id) FROM stdin;
1	Forklift Inspection	2026-07-31	upcoming	1
\.


--
-- Data for Name: app_order; Type: TABLE DATA; Schema: public; Owner: postgres
--

COPY public.app_order (id, order_id, customer_name, quantity, cost, status, created_at, updated_at, client_id, product_id) FROM stdin;
2	2	Marija	2	230.00	packed	2026-05-10 20:32:30.917977+02	2026-05-10 20:32:30.917988+02	1	2
3	3	Josh	2	500.00	picked	2026-05-10 20:33:23.812499+02	2026-05-10 20:33:23.812509+02	1	1
4	4	Don	2	500.00	picked	2026-05-10 20:38:25.370403+02	2026-05-10 20:39:41.289154+02	1	1
5	5	Down	2	350.00	to_be_shipped	2026-05-13 21:26:03.888734+02	2026-05-13 21:26:03.88876+02	1	2
6	6	Josh	2	500.00	sent	2026-05-13 22:06:38.106559+02	2026-05-13 22:08:09.711939+02	1	1
1	1	Marija	2	1000.00	delivered	2026-05-10 20:05:09.933016+02	2026-05-13 22:56:51.330404+02	1	1
\.


--
-- Data for Name: app_product; Type: TABLE DATA; Schema: public; Owner: postgres
--

COPY public.app_product (id, name, sku, quantity, rent_type, allocated_on, image, client_id, warehouse_slot_id) FROM stdin;
2	Jordan 4	J-4-GXS	100	weekly	\N	product_images/j4.jpg	1	6
1	TV	TV-LG-123	3	monthly	\N	product_images/lg.jpg	1	2
\.


--
-- Data for Name: app_shipmentlog; Type: TABLE DATA; Schema: public; Owner: postgres
--

COPY public.app_shipmentlog (id, previous_status, new_status, note, changed_at, order_id) FROM stdin;
1	to_be_shipped	picked	Status changed from to_be_shipped to picked	2026-05-10 20:39:41.283447+02	4
2	to_be_shipped	sent	Status changed from to_be_shipped to sent	2026-05-10 20:40:19.831945+02	1
3	to_be_shipped	cancelled	Status changed from to_be_shipped to cancelled	2026-05-13 22:06:55.111083+02	6
4	cancelled	to_be_shipped	Status changed from cancelled to to_be_shipped	2026-05-13 22:07:48.358327+02	6
5	to_be_shipped	sent	Status changed from to_be_shipped to sent	2026-05-13 22:08:09.709207+02	6
6	sent	delivered	Status changed from sent to delivered	2026-05-13 22:56:51.325115+02	1
\.


--
-- Data for Name: app_storagezone; Type: TABLE DATA; Schema: public; Owner: postgres
--

COPY public.app_storagezone (id, name, zone_code, category, total_slots, warehouse_id) FROM stdin;
1	A	A-CODE-A	electronics	10	1
2	B	B-CODE-B	furniture	1000	1
3	C	C-CODE-C	clothing	30	1
4	D	D-CODE-D	office_supplies	40	1
\.


--
-- Data for Name: app_warehouse; Type: TABLE DATA; Schema: public; Owner: postgres
--

COPY public.app_warehouse (id, name, location, total_capacity) FROM stdin;
1	Warehouse_A	Skopje	4
\.


--
-- Data for Name: app_warehouseslot; Type: TABLE DATA; Schema: public; Owner: postgres
--

COPY public.app_warehouseslot (id, slot_number, is_occupied, zone_id, capacity) FROM stdin;
1	A1	t	1	100
2	A2	f	1	100
3	A3	f	1	100
4	B1	f	2	100
5	B2	t	2	100
6	C1	f	3	100
7	C2	t	3	100
8	A4	f	1	100
9	D1	f	4	100
\.


--
-- Data for Name: auth_group; Type: TABLE DATA; Schema: public; Owner: postgres
--

COPY public.auth_group (id, name) FROM stdin;
\.


--
-- Data for Name: auth_group_permissions; Type: TABLE DATA; Schema: public; Owner: postgres
--

COPY public.auth_group_permissions (id, group_id, permission_id) FROM stdin;
\.


--
-- Data for Name: auth_permission; Type: TABLE DATA; Schema: public; Owner: postgres
--

COPY public.auth_permission (id, name, content_type_id, codename) FROM stdin;
1	Can add log entry	1	add_logentry
2	Can change log entry	1	change_logentry
3	Can delete log entry	1	delete_logentry
4	Can view log entry	1	view_logentry
5	Can add permission	3	add_permission
6	Can change permission	3	change_permission
7	Can delete permission	3	delete_permission
8	Can view permission	3	view_permission
9	Can add group	2	add_group
10	Can change group	2	change_group
11	Can delete group	2	delete_group
12	Can view group	2	view_group
13	Can add user	4	add_user
14	Can change user	4	change_user
15	Can delete user	4	delete_user
16	Can view user	4	view_user
17	Can add content type	5	add_contenttype
18	Can change content type	5	change_contenttype
19	Can delete content type	5	delete_contenttype
20	Can view content type	5	view_contenttype
21	Can add session	6	add_session
22	Can change session	6	change_session
23	Can delete session	6	delete_session
24	Can view session	6	view_session
25	Can add client	7	add_client
26	Can change client	7	change_client
27	Can delete client	7	delete_client
28	Can view client	7	view_client
29	Can add warehouse	13	add_warehouse
30	Can change warehouse	13	change_warehouse
31	Can delete warehouse	13	delete_warehouse
32	Can view warehouse	13	view_warehouse
33	Can add product	10	add_product
34	Can change product	10	change_product
35	Can delete product	10	delete_product
36	Can view product	10	view_product
37	Can add order	9	add_order
38	Can change order	9	change_order
39	Can delete order	9	delete_order
40	Can view order	9	view_order
41	Can add shipment log	11	add_shipmentlog
42	Can change shipment log	11	change_shipmentlog
43	Can delete shipment log	11	delete_shipmentlog
44	Can view shipment log	11	view_shipmentlog
45	Can add storage zone	12	add_storagezone
46	Can change storage zone	12	change_storagezone
47	Can delete storage zone	12	delete_storagezone
48	Can view storage zone	12	view_storagezone
49	Can add maintenance task	8	add_maintenancetask
50	Can change maintenance task	8	change_maintenancetask
51	Can delete maintenance task	8	delete_maintenancetask
52	Can view maintenance task	8	view_maintenancetask
53	Can add warehouse slot	14	add_warehouseslot
54	Can change warehouse slot	14	change_warehouseslot
55	Can delete warehouse slot	14	delete_warehouseslot
56	Can view warehouse slot	14	view_warehouseslot
\.


--
-- Data for Name: auth_user; Type: TABLE DATA; Schema: public; Owner: postgres
--

COPY public.auth_user (id, password, last_login, is_superuser, username, first_name, last_name, email, is_staff, is_active, date_joined) FROM stdin;
1	pbkdf2_sha256$1200000$Fu3Ut7JrnEasR6e8hJCLL8$XqOxx6THzp5wUTU3BDG7hvUzDQSvfzDNC/jwnxE5Blc=	2026-05-17 20:09:20.871375+02	t	marija				t	t	2026-05-10 19:16:21.237411+02
\.


--
-- Data for Name: auth_user_groups; Type: TABLE DATA; Schema: public; Owner: postgres
--

COPY public.auth_user_groups (id, user_id, group_id) FROM stdin;
\.


--
-- Data for Name: auth_user_user_permissions; Type: TABLE DATA; Schema: public; Owner: postgres
--

COPY public.auth_user_user_permissions (id, user_id, permission_id) FROM stdin;
\.


--
-- Data for Name: django_admin_log; Type: TABLE DATA; Schema: public; Owner: postgres
--

COPY public.django_admin_log (id, action_time, object_id, object_repr, action_flag, change_message, content_type_id, user_id) FROM stdin;
\.


--
-- Data for Name: django_content_type; Type: TABLE DATA; Schema: public; Owner: postgres
--

COPY public.django_content_type (id, app_label, model) FROM stdin;
1	admin	logentry
2	auth	group
3	auth	permission
4	auth	user
5	contenttypes	contenttype
6	sessions	session
7	app	client
8	app	maintenancetask
9	app	order
10	app	product
11	app	shipmentlog
12	app	storagezone
13	app	warehouse
14	app	warehouseslot
\.


--
-- Data for Name: django_migrations; Type: TABLE DATA; Schema: public; Owner: postgres
--

COPY public.django_migrations (id, app, name, applied) FROM stdin;
1	contenttypes	0001_initial	2026-05-10 18:53:50.187895+02
2	auth	0001_initial	2026-05-10 18:53:50.231734+02
3	admin	0001_initial	2026-05-10 18:53:50.244251+02
4	admin	0002_logentry_remove_auto_add	2026-05-10 18:53:50.252799+02
5	admin	0003_logentry_add_action_flag_choices	2026-05-10 18:53:50.259072+02
6	app	0001_initial	2026-05-10 18:53:50.310698+02
7	contenttypes	0002_remove_content_type_name	2026-05-10 18:53:50.322391+02
8	auth	0002_alter_permission_name_max_length	2026-05-10 18:53:50.32774+02
9	auth	0003_alter_user_email_max_length	2026-05-10 18:53:50.332295+02
10	auth	0004_alter_user_username_opts	2026-05-10 18:53:50.338337+02
11	auth	0005_alter_user_last_login_null	2026-05-10 18:53:50.344222+02
12	auth	0006_require_contenttypes_0002	2026-05-10 18:53:50.344995+02
13	auth	0007_alter_validators_add_error_messages	2026-05-10 18:53:50.349225+02
14	auth	0008_alter_user_username_max_length	2026-05-10 18:53:50.357176+02
15	auth	0009_alter_user_last_name_max_length	2026-05-10 18:53:50.361209+02
16	auth	0010_alter_group_name_max_length	2026-05-10 18:53:50.366719+02
17	auth	0011_update_proxy_permissions	2026-05-10 18:53:50.37501+02
18	auth	0012_alter_user_first_name_max_length	2026-05-10 18:53:50.378922+02
19	sessions	0001_initial	2026-05-10 18:53:50.388033+02
20	app	0002_warehouse_slot_capacity	2026-05-13 21:56:51.485636+02
\.


--
-- Data for Name: django_session; Type: TABLE DATA; Schema: public; Owner: postgres
--

COPY public.django_session (session_key, session_data, expire_date) FROM stdin;
soxvtz3slb78l4e3c7nyi4ale0lqfpsn	.eJxVjDEOgzAMAP_iuYriAHbC2J03oCR2C20VJAJT1b9XSAztene6N4xx36Zxr7qOs0APCJdflmJ-ajmEPGK5LyYvZVvnZI7EnLaaYRF9Xc_2bzDFOkEPpCrBCqn6llTkRpladokDdY4xNOKFWYkiNp21rYgLnp23iEhsI3y-5jk2_A:1wM7pH:3vh6u5hFTz7hh_sWYABPL0JUYT3BFbL5Ej2eXVklJp8	2026-05-24 19:20:23.910945+02
2npvka5aii8nnwparj8hz7o5z3nnrtvr	.eJxVjDEOgzAMAP_iuYriAHbC2J03oCR2C20VJAJT1b9XSAztene6N4xx36Zxr7qOs0APCJdflmJ-ajmEPGK5LyYvZVvnZI7EnLaaYRF9Xc_2bzDFOkEPpCrBCqn6llTkRpladokDdY4xNOKFWYkiNp21rYgLnp23iEhsI3y-5jk2_A:1wOfvU:vs9yF0ARJoZMO09B492-7n0KGH2K08EbxUbBP-8sNs8	2026-05-31 20:09:20.88488+02
\.


--
-- Name: app_client_id_seq; Type: SEQUENCE SET; Schema: public; Owner: postgres
--

SELECT pg_catalog.setval('public.app_client_id_seq', 1, true);


--
-- Name: app_maintenancetask_id_seq; Type: SEQUENCE SET; Schema: public; Owner: postgres
--

SELECT pg_catalog.setval('public.app_maintenancetask_id_seq', 1, true);


--
-- Name: app_order_id_seq; Type: SEQUENCE SET; Schema: public; Owner: postgres
--

SELECT pg_catalog.setval('public.app_order_id_seq', 6, true);


--
-- Name: app_product_id_seq; Type: SEQUENCE SET; Schema: public; Owner: postgres
--

SELECT pg_catalog.setval('public.app_product_id_seq', 2, true);


--
-- Name: app_shipmentlog_id_seq; Type: SEQUENCE SET; Schema: public; Owner: postgres
--

SELECT pg_catalog.setval('public.app_shipmentlog_id_seq', 6, true);


--
-- Name: app_storagezone_id_seq; Type: SEQUENCE SET; Schema: public; Owner: postgres
--

SELECT pg_catalog.setval('public.app_storagezone_id_seq', 4, true);


--
-- Name: app_warehouse_id_seq; Type: SEQUENCE SET; Schema: public; Owner: postgres
--

SELECT pg_catalog.setval('public.app_warehouse_id_seq', 1, true);


--
-- Name: app_warehouseslot_id_seq; Type: SEQUENCE SET; Schema: public; Owner: postgres
--

SELECT pg_catalog.setval('public.app_warehouseslot_id_seq', 9, true);


--
-- Name: auth_group_id_seq; Type: SEQUENCE SET; Schema: public; Owner: postgres
--

SELECT pg_catalog.setval('public.auth_group_id_seq', 1, false);


--
-- Name: auth_group_permissions_id_seq; Type: SEQUENCE SET; Schema: public; Owner: postgres
--

SELECT pg_catalog.setval('public.auth_group_permissions_id_seq', 1, false);


--
-- Name: auth_permission_id_seq; Type: SEQUENCE SET; Schema: public; Owner: postgres
--

SELECT pg_catalog.setval('public.auth_permission_id_seq', 56, true);


--
-- Name: auth_user_groups_id_seq; Type: SEQUENCE SET; Schema: public; Owner: postgres
--

SELECT pg_catalog.setval('public.auth_user_groups_id_seq', 1, false);


--
-- Name: auth_user_id_seq; Type: SEQUENCE SET; Schema: public; Owner: postgres
--

SELECT pg_catalog.setval('public.auth_user_id_seq', 1, true);


--
-- Name: auth_user_user_permissions_id_seq; Type: SEQUENCE SET; Schema: public; Owner: postgres
--

SELECT pg_catalog.setval('public.auth_user_user_permissions_id_seq', 1, false);


--
-- Name: django_admin_log_id_seq; Type: SEQUENCE SET; Schema: public; Owner: postgres
--

SELECT pg_catalog.setval('public.django_admin_log_id_seq', 1, false);


--
-- Name: django_content_type_id_seq; Type: SEQUENCE SET; Schema: public; Owner: postgres
--

SELECT pg_catalog.setval('public.django_content_type_id_seq', 14, true);


--
-- Name: django_migrations_id_seq; Type: SEQUENCE SET; Schema: public; Owner: postgres
--

SELECT pg_catalog.setval('public.django_migrations_id_seq', 20, true);


--
-- Name: app_client app_client_email_key; Type: CONSTRAINT; Schema: public; Owner: postgres
--

ALTER TABLE ONLY public.app_client
    ADD CONSTRAINT app_client_email_key UNIQUE (email);


--
-- Name: app_client app_client_pkey; Type: CONSTRAINT; Schema: public; Owner: postgres
--

ALTER TABLE ONLY public.app_client
    ADD CONSTRAINT app_client_pkey PRIMARY KEY (id);


--
-- Name: app_maintenancetask app_maintenancetask_pkey; Type: CONSTRAINT; Schema: public; Owner: postgres
--

ALTER TABLE ONLY public.app_maintenancetask
    ADD CONSTRAINT app_maintenancetask_pkey PRIMARY KEY (id);


--
-- Name: app_order app_order_order_id_key; Type: CONSTRAINT; Schema: public; Owner: postgres
--

ALTER TABLE ONLY public.app_order
    ADD CONSTRAINT app_order_order_id_key UNIQUE (order_id);


--
-- Name: app_order app_order_pkey; Type: CONSTRAINT; Schema: public; Owner: postgres
--

ALTER TABLE ONLY public.app_order
    ADD CONSTRAINT app_order_pkey PRIMARY KEY (id);


--
-- Name: app_product app_product_pkey; Type: CONSTRAINT; Schema: public; Owner: postgres
--

ALTER TABLE ONLY public.app_product
    ADD CONSTRAINT app_product_pkey PRIMARY KEY (id);


--
-- Name: app_product app_product_sku_key; Type: CONSTRAINT; Schema: public; Owner: postgres
--

ALTER TABLE ONLY public.app_product
    ADD CONSTRAINT app_product_sku_key UNIQUE (sku);


--
-- Name: app_shipmentlog app_shipmentlog_pkey; Type: CONSTRAINT; Schema: public; Owner: postgres
--

ALTER TABLE ONLY public.app_shipmentlog
    ADD CONSTRAINT app_shipmentlog_pkey PRIMARY KEY (id);


--
-- Name: app_storagezone app_storagezone_pkey; Type: CONSTRAINT; Schema: public; Owner: postgres
--

ALTER TABLE ONLY public.app_storagezone
    ADD CONSTRAINT app_storagezone_pkey PRIMARY KEY (id);


--
-- Name: app_storagezone app_storagezone_zone_code_key; Type: CONSTRAINT; Schema: public; Owner: postgres
--

ALTER TABLE ONLY public.app_storagezone
    ADD CONSTRAINT app_storagezone_zone_code_key UNIQUE (zone_code);


--
-- Name: app_warehouse app_warehouse_pkey; Type: CONSTRAINT; Schema: public; Owner: postgres
--

ALTER TABLE ONLY public.app_warehouse
    ADD CONSTRAINT app_warehouse_pkey PRIMARY KEY (id);


--
-- Name: app_warehouseslot app_warehouseslot_pkey; Type: CONSTRAINT; Schema: public; Owner: postgres
--

ALTER TABLE ONLY public.app_warehouseslot
    ADD CONSTRAINT app_warehouseslot_pkey PRIMARY KEY (id);


--
-- Name: app_warehouseslot app_warehouseslot_zone_id_slot_number_cf7fe7ef_uniq; Type: CONSTRAINT; Schema: public; Owner: postgres
--

ALTER TABLE ONLY public.app_warehouseslot
    ADD CONSTRAINT app_warehouseslot_zone_id_slot_number_cf7fe7ef_uniq UNIQUE (zone_id, slot_number);


--
-- Name: auth_group auth_group_name_key; Type: CONSTRAINT; Schema: public; Owner: postgres
--

ALTER TABLE ONLY public.auth_group
    ADD CONSTRAINT auth_group_name_key UNIQUE (name);


--
-- Name: auth_group_permissions auth_group_permissions_group_id_permission_id_0cd325b0_uniq; Type: CONSTRAINT; Schema: public; Owner: postgres
--

ALTER TABLE ONLY public.auth_group_permissions
    ADD CONSTRAINT auth_group_permissions_group_id_permission_id_0cd325b0_uniq UNIQUE (group_id, permission_id);


--
-- Name: auth_group_permissions auth_group_permissions_pkey; Type: CONSTRAINT; Schema: public; Owner: postgres
--

ALTER TABLE ONLY public.auth_group_permissions
    ADD CONSTRAINT auth_group_permissions_pkey PRIMARY KEY (id);


--
-- Name: auth_group auth_group_pkey; Type: CONSTRAINT; Schema: public; Owner: postgres
--

ALTER TABLE ONLY public.auth_group
    ADD CONSTRAINT auth_group_pkey PRIMARY KEY (id);


--
-- Name: auth_permission auth_permission_content_type_id_codename_01ab375a_uniq; Type: CONSTRAINT; Schema: public; Owner: postgres
--

ALTER TABLE ONLY public.auth_permission
    ADD CONSTRAINT auth_permission_content_type_id_codename_01ab375a_uniq UNIQUE (content_type_id, codename);


--
-- Name: auth_permission auth_permission_pkey; Type: CONSTRAINT; Schema: public; Owner: postgres
--

ALTER TABLE ONLY public.auth_permission
    ADD CONSTRAINT auth_permission_pkey PRIMARY KEY (id);


--
-- Name: auth_user_groups auth_user_groups_pkey; Type: CONSTRAINT; Schema: public; Owner: postgres
--

ALTER TABLE ONLY public.auth_user_groups
    ADD CONSTRAINT auth_user_groups_pkey PRIMARY KEY (id);


--
-- Name: auth_user_groups auth_user_groups_user_id_group_id_94350c0c_uniq; Type: CONSTRAINT; Schema: public; Owner: postgres
--

ALTER TABLE ONLY public.auth_user_groups
    ADD CONSTRAINT auth_user_groups_user_id_group_id_94350c0c_uniq UNIQUE (user_id, group_id);


--
-- Name: auth_user auth_user_pkey; Type: CONSTRAINT; Schema: public; Owner: postgres
--

ALTER TABLE ONLY public.auth_user
    ADD CONSTRAINT auth_user_pkey PRIMARY KEY (id);


--
-- Name: auth_user_user_permissions auth_user_user_permissions_pkey; Type: CONSTRAINT; Schema: public; Owner: postgres
--

ALTER TABLE ONLY public.auth_user_user_permissions
    ADD CONSTRAINT auth_user_user_permissions_pkey PRIMARY KEY (id);


--
-- Name: auth_user_user_permissions auth_user_user_permissions_user_id_permission_id_14a6b632_uniq; Type: CONSTRAINT; Schema: public; Owner: postgres
--

ALTER TABLE ONLY public.auth_user_user_permissions
    ADD CONSTRAINT auth_user_user_permissions_user_id_permission_id_14a6b632_uniq UNIQUE (user_id, permission_id);


--
-- Name: auth_user auth_user_username_key; Type: CONSTRAINT; Schema: public; Owner: postgres
--

ALTER TABLE ONLY public.auth_user
    ADD CONSTRAINT auth_user_username_key UNIQUE (username);


--
-- Name: django_admin_log django_admin_log_pkey; Type: CONSTRAINT; Schema: public; Owner: postgres
--

ALTER TABLE ONLY public.django_admin_log
    ADD CONSTRAINT django_admin_log_pkey PRIMARY KEY (id);


--
-- Name: django_content_type django_content_type_app_label_model_76bd3d3b_uniq; Type: CONSTRAINT; Schema: public; Owner: postgres
--

ALTER TABLE ONLY public.django_content_type
    ADD CONSTRAINT django_content_type_app_label_model_76bd3d3b_uniq UNIQUE (app_label, model);


--
-- Name: django_content_type django_content_type_pkey; Type: CONSTRAINT; Schema: public; Owner: postgres
--

ALTER TABLE ONLY public.django_content_type
    ADD CONSTRAINT django_content_type_pkey PRIMARY KEY (id);


--
-- Name: django_migrations django_migrations_pkey; Type: CONSTRAINT; Schema: public; Owner: postgres
--

ALTER TABLE ONLY public.django_migrations
    ADD CONSTRAINT django_migrations_pkey PRIMARY KEY (id);


--
-- Name: django_session django_session_pkey; Type: CONSTRAINT; Schema: public; Owner: postgres
--

ALTER TABLE ONLY public.django_session
    ADD CONSTRAINT django_session_pkey PRIMARY KEY (session_key);


--
-- Name: app_client_email_fc8312b6_like; Type: INDEX; Schema: public; Owner: postgres
--

CREATE INDEX app_client_email_fc8312b6_like ON public.app_client USING btree (email varchar_pattern_ops);


--
-- Name: app_maintenancetask_warehouse_id_5369dbd1; Type: INDEX; Schema: public; Owner: postgres
--

CREATE INDEX app_maintenancetask_warehouse_id_5369dbd1 ON public.app_maintenancetask USING btree (warehouse_id);


--
-- Name: app_order_client_id_ec56fda0; Type: INDEX; Schema: public; Owner: postgres
--

CREATE INDEX app_order_client_id_ec56fda0 ON public.app_order USING btree (client_id);


--
-- Name: app_order_order_id_9e3709fb_like; Type: INDEX; Schema: public; Owner: postgres
--

CREATE INDEX app_order_order_id_9e3709fb_like ON public.app_order USING btree (order_id varchar_pattern_ops);


--
-- Name: app_order_product_id_02495a9c; Type: INDEX; Schema: public; Owner: postgres
--

CREATE INDEX app_order_product_id_02495a9c ON public.app_order USING btree (product_id);


--
-- Name: app_product_client_id_d86761a2; Type: INDEX; Schema: public; Owner: postgres
--

CREATE INDEX app_product_client_id_d86761a2 ON public.app_product USING btree (client_id);


--
-- Name: app_product_sku_c4067af9_like; Type: INDEX; Schema: public; Owner: postgres
--

CREATE INDEX app_product_sku_c4067af9_like ON public.app_product USING btree (sku varchar_pattern_ops);


--
-- Name: app_product_warehouse_slot_id_8bfcae37; Type: INDEX; Schema: public; Owner: postgres
--

CREATE INDEX app_product_warehouse_slot_id_8bfcae37 ON public.app_product USING btree (warehouse_slot_id);


--
-- Name: app_shipmentlog_order_id_a4264f33; Type: INDEX; Schema: public; Owner: postgres
--

CREATE INDEX app_shipmentlog_order_id_a4264f33 ON public.app_shipmentlog USING btree (order_id);


--
-- Name: app_storagezone_warehouse_id_6486034a; Type: INDEX; Schema: public; Owner: postgres
--

CREATE INDEX app_storagezone_warehouse_id_6486034a ON public.app_storagezone USING btree (warehouse_id);


--
-- Name: app_storagezone_zone_code_76cb2497_like; Type: INDEX; Schema: public; Owner: postgres
--

CREATE INDEX app_storagezone_zone_code_76cb2497_like ON public.app_storagezone USING btree (zone_code varchar_pattern_ops);


--
-- Name: app_warehouseslot_zone_id_399b7164; Type: INDEX; Schema: public; Owner: postgres
--

CREATE INDEX app_warehouseslot_zone_id_399b7164 ON public.app_warehouseslot USING btree (zone_id);


--
-- Name: auth_group_name_a6ea08ec_like; Type: INDEX; Schema: public; Owner: postgres
--

CREATE INDEX auth_group_name_a6ea08ec_like ON public.auth_group USING btree (name varchar_pattern_ops);


--
-- Name: auth_group_permissions_group_id_b120cbf9; Type: INDEX; Schema: public; Owner: postgres
--

CREATE INDEX auth_group_permissions_group_id_b120cbf9 ON public.auth_group_permissions USING btree (group_id);


--
-- Name: auth_group_permissions_permission_id_84c5c92e; Type: INDEX; Schema: public; Owner: postgres
--

CREATE INDEX auth_group_permissions_permission_id_84c5c92e ON public.auth_group_permissions USING btree (permission_id);


--
-- Name: auth_permission_content_type_id_2f476e4b; Type: INDEX; Schema: public; Owner: postgres
--

CREATE INDEX auth_permission_content_type_id_2f476e4b ON public.auth_permission USING btree (content_type_id);


--
-- Name: auth_user_groups_group_id_97559544; Type: INDEX; Schema: public; Owner: postgres
--

CREATE INDEX auth_user_groups_group_id_97559544 ON public.auth_user_groups USING btree (group_id);


--
-- Name: auth_user_groups_user_id_6a12ed8b; Type: INDEX; Schema: public; Owner: postgres
--

CREATE INDEX auth_user_groups_user_id_6a12ed8b ON public.auth_user_groups USING btree (user_id);


--
-- Name: auth_user_user_permissions_permission_id_1fbb5f2c; Type: INDEX; Schema: public; Owner: postgres
--

CREATE INDEX auth_user_user_permissions_permission_id_1fbb5f2c ON public.auth_user_user_permissions USING btree (permission_id);


--
-- Name: auth_user_user_permissions_user_id_a95ead1b; Type: INDEX; Schema: public; Owner: postgres
--

CREATE INDEX auth_user_user_permissions_user_id_a95ead1b ON public.auth_user_user_permissions USING btree (user_id);


--
-- Name: auth_user_username_6821ab7c_like; Type: INDEX; Schema: public; Owner: postgres
--

CREATE INDEX auth_user_username_6821ab7c_like ON public.auth_user USING btree (username varchar_pattern_ops);


--
-- Name: django_admin_log_content_type_id_c4bce8eb; Type: INDEX; Schema: public; Owner: postgres
--

CREATE INDEX django_admin_log_content_type_id_c4bce8eb ON public.django_admin_log USING btree (content_type_id);


--
-- Name: django_admin_log_user_id_c564eba6; Type: INDEX; Schema: public; Owner: postgres
--

CREATE INDEX django_admin_log_user_id_c564eba6 ON public.django_admin_log USING btree (user_id);


--
-- Name: django_session_expire_date_a5c62663; Type: INDEX; Schema: public; Owner: postgres
--

CREATE INDEX django_session_expire_date_a5c62663 ON public.django_session USING btree (expire_date);


--
-- Name: django_session_session_key_c0390e0f_like; Type: INDEX; Schema: public; Owner: postgres
--

CREATE INDEX django_session_session_key_c0390e0f_like ON public.django_session USING btree (session_key varchar_pattern_ops);


--
-- Name: app_maintenancetask app_maintenancetask_warehouse_id_5369dbd1_fk_app_warehouse_id; Type: FK CONSTRAINT; Schema: public; Owner: postgres
--

ALTER TABLE ONLY public.app_maintenancetask
    ADD CONSTRAINT app_maintenancetask_warehouse_id_5369dbd1_fk_app_warehouse_id FOREIGN KEY (warehouse_id) REFERENCES public.app_warehouse(id) DEFERRABLE INITIALLY DEFERRED;


--
-- Name: app_order app_order_client_id_ec56fda0_fk_app_client_id; Type: FK CONSTRAINT; Schema: public; Owner: postgres
--

ALTER TABLE ONLY public.app_order
    ADD CONSTRAINT app_order_client_id_ec56fda0_fk_app_client_id FOREIGN KEY (client_id) REFERENCES public.app_client(id) DEFERRABLE INITIALLY DEFERRED;


--
-- Name: app_order app_order_product_id_02495a9c_fk_app_product_id; Type: FK CONSTRAINT; Schema: public; Owner: postgres
--

ALTER TABLE ONLY public.app_order
    ADD CONSTRAINT app_order_product_id_02495a9c_fk_app_product_id FOREIGN KEY (product_id) REFERENCES public.app_product(id) DEFERRABLE INITIALLY DEFERRED;


--
-- Name: app_product app_product_client_id_d86761a2_fk_app_client_id; Type: FK CONSTRAINT; Schema: public; Owner: postgres
--

ALTER TABLE ONLY public.app_product
    ADD CONSTRAINT app_product_client_id_d86761a2_fk_app_client_id FOREIGN KEY (client_id) REFERENCES public.app_client(id) DEFERRABLE INITIALLY DEFERRED;


--
-- Name: app_product app_product_warehouse_slot_id_8bfcae37_fk_app_warehouseslot_id; Type: FK CONSTRAINT; Schema: public; Owner: postgres
--

ALTER TABLE ONLY public.app_product
    ADD CONSTRAINT app_product_warehouse_slot_id_8bfcae37_fk_app_warehouseslot_id FOREIGN KEY (warehouse_slot_id) REFERENCES public.app_warehouseslot(id) DEFERRABLE INITIALLY DEFERRED;


--
-- Name: app_shipmentlog app_shipmentlog_order_id_a4264f33_fk_app_order_id; Type: FK CONSTRAINT; Schema: public; Owner: postgres
--

ALTER TABLE ONLY public.app_shipmentlog
    ADD CONSTRAINT app_shipmentlog_order_id_a4264f33_fk_app_order_id FOREIGN KEY (order_id) REFERENCES public.app_order(id) DEFERRABLE INITIALLY DEFERRED;


--
-- Name: app_storagezone app_storagezone_warehouse_id_6486034a_fk_app_warehouse_id; Type: FK CONSTRAINT; Schema: public; Owner: postgres
--

ALTER TABLE ONLY public.app_storagezone
    ADD CONSTRAINT app_storagezone_warehouse_id_6486034a_fk_app_warehouse_id FOREIGN KEY (warehouse_id) REFERENCES public.app_warehouse(id) DEFERRABLE INITIALLY DEFERRED;


--
-- Name: app_warehouseslot app_warehouseslot_zone_id_399b7164_fk_app_storagezone_id; Type: FK CONSTRAINT; Schema: public; Owner: postgres
--

ALTER TABLE ONLY public.app_warehouseslot
    ADD CONSTRAINT app_warehouseslot_zone_id_399b7164_fk_app_storagezone_id FOREIGN KEY (zone_id) REFERENCES public.app_storagezone(id) DEFERRABLE INITIALLY DEFERRED;


--
-- Name: auth_group_permissions auth_group_permissio_permission_id_84c5c92e_fk_auth_perm; Type: FK CONSTRAINT; Schema: public; Owner: postgres
--

ALTER TABLE ONLY public.auth_group_permissions
    ADD CONSTRAINT auth_group_permissio_permission_id_84c5c92e_fk_auth_perm FOREIGN KEY (permission_id) REFERENCES public.auth_permission(id) DEFERRABLE INITIALLY DEFERRED;


--
-- Name: auth_group_permissions auth_group_permissions_group_id_b120cbf9_fk_auth_group_id; Type: FK CONSTRAINT; Schema: public; Owner: postgres
--

ALTER TABLE ONLY public.auth_group_permissions
    ADD CONSTRAINT auth_group_permissions_group_id_b120cbf9_fk_auth_group_id FOREIGN KEY (group_id) REFERENCES public.auth_group(id) DEFERRABLE INITIALLY DEFERRED;


--
-- Name: auth_permission auth_permission_content_type_id_2f476e4b_fk_django_co; Type: FK CONSTRAINT; Schema: public; Owner: postgres
--

ALTER TABLE ONLY public.auth_permission
    ADD CONSTRAINT auth_permission_content_type_id_2f476e4b_fk_django_co FOREIGN KEY (content_type_id) REFERENCES public.django_content_type(id) DEFERRABLE INITIALLY DEFERRED;


--
-- Name: auth_user_groups auth_user_groups_group_id_97559544_fk_auth_group_id; Type: FK CONSTRAINT; Schema: public; Owner: postgres
--

ALTER TABLE ONLY public.auth_user_groups
    ADD CONSTRAINT auth_user_groups_group_id_97559544_fk_auth_group_id FOREIGN KEY (group_id) REFERENCES public.auth_group(id) DEFERRABLE INITIALLY DEFERRED;


--
-- Name: auth_user_groups auth_user_groups_user_id_6a12ed8b_fk_auth_user_id; Type: FK CONSTRAINT; Schema: public; Owner: postgres
--

ALTER TABLE ONLY public.auth_user_groups
    ADD CONSTRAINT auth_user_groups_user_id_6a12ed8b_fk_auth_user_id FOREIGN KEY (user_id) REFERENCES public.auth_user(id) DEFERRABLE INITIALLY DEFERRED;


--
-- Name: auth_user_user_permissions auth_user_user_permi_permission_id_1fbb5f2c_fk_auth_perm; Type: FK CONSTRAINT; Schema: public; Owner: postgres
--

ALTER TABLE ONLY public.auth_user_user_permissions
    ADD CONSTRAINT auth_user_user_permi_permission_id_1fbb5f2c_fk_auth_perm FOREIGN KEY (permission_id) REFERENCES public.auth_permission(id) DEFERRABLE INITIALLY DEFERRED;


--
-- Name: auth_user_user_permissions auth_user_user_permissions_user_id_a95ead1b_fk_auth_user_id; Type: FK CONSTRAINT; Schema: public; Owner: postgres
--

ALTER TABLE ONLY public.auth_user_user_permissions
    ADD CONSTRAINT auth_user_user_permissions_user_id_a95ead1b_fk_auth_user_id FOREIGN KEY (user_id) REFERENCES public.auth_user(id) DEFERRABLE INITIALLY DEFERRED;


--
-- Name: django_admin_log django_admin_log_content_type_id_c4bce8eb_fk_django_co; Type: FK CONSTRAINT; Schema: public; Owner: postgres
--

ALTER TABLE ONLY public.django_admin_log
    ADD CONSTRAINT django_admin_log_content_type_id_c4bce8eb_fk_django_co FOREIGN KEY (content_type_id) REFERENCES public.django_content_type(id) DEFERRABLE INITIALLY DEFERRED;


--
-- Name: django_admin_log django_admin_log_user_id_c564eba6_fk_auth_user_id; Type: FK CONSTRAINT; Schema: public; Owner: postgres
--

ALTER TABLE ONLY public.django_admin_log
    ADD CONSTRAINT django_admin_log_user_id_c564eba6_fk_auth_user_id FOREIGN KEY (user_id) REFERENCES public.auth_user(id) DEFERRABLE INITIALLY DEFERRED;


--
-- PostgreSQL database dump complete
--

\unrestrict RmFO6BAAHwxAnMNIFjXRU2z3itC3JlOUOtacNMz5wKX6OQAgfRKPv3v0xC6Caex

